Модель,Test F1 (macro),Test Precision (macro),Test Recall (macro),Test Accuracy,CV F1 (macro),Train-Val Разрыв,Время обучения (мин)
LogisticRegression + TF-IDF (optimized),0.9875038877179271,0.9875327221844016,0.987501744623184,0.9875,0.9862044311367492,0.0135955937488339,0.7664021333058675
SVM + TF-IDF (lightning),0.9860092284662908,0.9860865843642781,0.9860032446239343,0.986,0.985678281060964,,1.5572444121042888
MultinomialNB + TF-IDF,0.9840101498073254,0.9841926323352722,0.9840042441241841,0.984,0.9816040327964254,0.01179698168562493,2.9672178347905476
RandomForest + TF-IDF,0.9835175390903906,0.9835971787690282,0.9834977406191799,0.9835,0.9798857032952756,0.012802213971845111,2.899142686525981
SentenceTransformers + LR (distiluse-base-multilingual-cased),0.9820214209059374,0.982171349859491,0.982003742873308,0.982,0.9813835729169416,,31.616240080197652
KNN + TF-IDF (optimized),0.980021202800733,0.9801688223571655,0.9799979889934912,0.98,0.9816026956745542,0.004098867922300187,1.7044139742851256
ruBERT-tiny + LR,0.9595438601887937,0.9596665934807261,0.9594984789887339,0.9595,0.9606140483594093,,2.7246572772661843
